<?xml version="1.0" encoding="UTF-8"?>
<project-private xmlns="http://www.netbeans.org/ns/project-private/1">
    <editor-bookmarks xmlns="http://www.netbeans.org/ns/editor-bookmarks/2" lastBookmarkId="0"/>
    <open-files xmlns="http://www.netbeans.org/ns/projectui-open-files/2">
        <group>
            <file>file:/C:/Users/Govardhan/Documents/NetBeansProjects/Library_service/src/library_service/View_Members.java</file>
            <file>file:/C:/Users/Govardhan/Documents/NetBeansProjects/Library_service/src/library_service/View_Librarian.java</file>
            <file>file:/C:/Users/Govardhan/Documents/NetBeansProjects/Library_service/src/library_service/Modify_Books.java</file>
            <file>file:/C:/Users/Govardhan/Documents/NetBeansProjects/Library_service/src/library_service/Issue_Book.java</file>
            <file>file:/C:/Users/Govardhan/Documents/NetBeansProjects/Library_service/src/library_service/Add_Librarian.java</file>
            <file>file:/C:/Users/Govardhan/Documents/NetBeansProjects/Library_service/src/library_service/main_page.java</file>
            <file>file:/C:/Users/Govardhan/Documents/NetBeansProjects/Library_service/src/library_service/Librarian_Login_Succes.java</file>
            <file>file:/C:/Users/Govardhan/Documents/NetBeansProjects/Library_service/src/library_service/Borrow_Book.java</file>
            <file>file:/C:/Users/Govardhan/Documents/NetBeansProjects/Library_service/src/library_service/Fine_Members.java</file>
            <file>file:/C:/Users/Govardhan/Documents/NetBeansProjects/Library_service/src/library_service/Modify_BCategory.java</file>
            <file>file:/C:/Users/Govardhan/Documents/NetBeansProjects/Library_service/src/library_service/Move1Book_Category.java</file>
            <file>file:/C:/Users/Govardhan/Documents/NetBeansProjects/Library_service/src/library_service/Head_Librarian.java</file>
            <file>file:/C:/Users/Govardhan/Documents/NetBeansProjects/Library_service/src/library_service/Change_Librarian_Phone.java</file>
            <file>file:/C:/Users/Govardhan/Documents/NetBeansProjects/Library_service/src/library_service/Change_Book_Author.java</file>
            <file>file:/C:/Users/Govardhan/Documents/NetBeansProjects/Library_service/src/library_service/Members_Login_Success.java</file>
            <file>file:/C:/Users/Govardhan/Documents/NetBeansProjects/Library_service/src/library_service/View_BCategory.java</file>
            <file>file:/C:/Users/Govardhan/Documents/NetBeansProjects/Library_service/src/library_service/Change_Member_Phone.java</file>
            <file>file:/C:/Users/Govardhan/Documents/NetBeansProjects/Library_service/src/library_service/Lost_Found.java</file>
            <file>file:/C:/Users/Govardhan/Documents/NetBeansProjects/Library_service/src/library_service/Change_Librarian_Name.java</file>
            <file>file:/C:/Users/Govardhan/Documents/NetBeansProjects/Library_service/src/library_service/Change_Member_Mail.java</file>
            <file>file:/C:/Users/Govardhan/Documents/NetBeansProjects/Library_service/src/library_service/Librarian.java</file>
            <file>file:/C:/Users/Govardhan/Documents/NetBeansProjects/Library_service/src/library_service/Add_Members.java</file>
            <file>file:/C:/Users/Govardhan/Documents/NetBeansProjects/Library_service/src/library_service/Modify_Members.java</file>
            <file>file:/C:/Users/Govardhan/Documents/NetBeansProjects/Library_service/src/library_service/Renew_Membership.java</file>
            <file>file:/C:/Users/Govardhan/Documents/NetBeansProjects/Library_service/src/library_service/Delete_Librarian.java</file>
            <file>file:/C:/Users/Govardhan/Documents/NetBeansProjects/Library_service/src/library_service/Modify_Librarians.java</file>
            <file>file:/C:/Users/Govardhan/Documents/NetBeansProjects/Library_service/src/library_service/Library_service.java</file>
            <file>file:/C:/Users/Govardhan/Documents/NetBeansProjects/Library_service/src/library_service/Mem_Login_Success.java</file>
            <file>file:/C:/Users/Govardhan/Documents/NetBeansProjects/Library_service/src/library_service/ClockIn_ClockOut.java</file>
            <file>file:/C:/Users/Govardhan/Documents/NetBeansProjects/Library_service/src/library_service/AVMD_Book_Category.java</file>
            <file>file:/C:/Users/Govardhan/Documents/NetBeansProjects/Library_service/src/library_service/Search_Books.java</file>
            <file>file:/C:/Users/Govardhan/Documents/NetBeansProjects/Library_service/src/library_service/Delete_Book.java</file>
            <file>file:/C:/Users/Govardhan/Documents/NetBeansProjects/Library_service/src/library_service/Rename_Category.java</file>
            <file>file:/C:/Users/Govardhan/Documents/NetBeansProjects/Library_service/src/library_service/Delete_Members.java</file>
            <file>file:/C:/Users/Govardhan/Documents/NetBeansProjects/Library_service/src/library_service/AVM_Books.java</file>
            <file>file:/C:/Users/Govardhan/Documents/NetBeansProjects/Library_service/src/library_service/Add_BCategory.java</file>
            <file>file:/C:/Users/Govardhan/Documents/NetBeansProjects/Library_service/src/library_service/Change_Librarian_Mail.java</file>
            <file>file:/C:/Users/Govardhan/Documents/NetBeansProjects/Library_service/src/library_service/Head_Login_Success.java</file>
            <file>file:/C:/Users/Govardhan/Documents/NetBeansProjects/Library_service/src/library_service/Change_Book_Name.java</file>
            <file>file:/C:/Users/Govardhan/Documents/NetBeansProjects/Library_service/src/library_service/Add_Books.java</file>
            <file>file:/C:/Users/Govardhan/Documents/NetBeansProjects/Library_service/src/library_service/Change_Name_Member.java</file>
            <file>file:/C:/Users/Govardhan/Documents/NetBeansProjects/Library_service/src/library_service/MoveAll_Category.java</file>
            <file>file:/C:/Users/Govardhan/Documents/NetBeansProjects/Library_service/src/library_service/View_All_Books.java</file>
            <file>file:/C:/Users/Govardhan/Documents/NetBeansProjects/Library_service/src/library_service/Delete_Category.java</file>
            <file>file:/C:/Users/Govardhan/Documents/NetBeansProjects/Library_service/src/library_service/AVD_Members.java</file>
        </group>
    </open-files>
</project-private>
